{"January":{"count":301.0,"mean":44.976699887,"std":5.8208231177,"min":33.0,"25%":41.0,"50%":43.0,"75%":48.0,"max":63.0,"SEM":0.3355066668,"ci_90":0.5519084669,"ci_95":0.657593067,"std_1_pos":50.7975230048,"std_1_neg":39.1558767693,"std_2_pos":56.6183461225,"std_2_neg":33.3350536516,"std_3_pos":62.4391692402,"std_3_neg":27.5142305339,"count_std_1_pos":42,"count_std_2_pos":42,"count_std_3_pos":14,"count_std_1_neg":175,"count_std_2_neg":24,"count_std_3_neg":2},"February":{"count":415.0,"mean":47.4862489976,"std":6.7086509071,"min":35.0,"25%":42.0,"50%":45.0,"75%":54.0,"max":62.0,"SEM":0.3293147211,"ci_90":0.5417227162,"ci_95":0.6454568533,"std_1_pos":54.1948999047,"std_1_neg":40.7775980905,"std_2_pos":60.9035508118,"std_2_neg":34.0689471833,"std_3_pos":67.612201719,"std_3_neg":27.3602962762,"count_std_1_pos":115,"count_std_2_pos":68,"count_std_3_pos":8,"count_std_1_neg":183,"count_std_2_neg":41,"count_std_3_neg":0},"March":{"count":369.0,"mean":49.3493224932,"std":6.742279911,"min":34.0,"25%":42.0,"50%":50.0,"75%":55.0,"max":62.0,"SEM":0.3509890725,"ci_90":0.5773770242,"ci_95":0.687938582,"std_1_pos":56.0916024042,"std_1_neg":42.6070425822,"std_2_pos":62.8338823152,"std_2_neg":35.8647626712,"std_3_pos":69.5761622263,"std_3_neg":29.1224827602,"count_std_1_pos":147,"count_std_2_pos":49,"count_std_3_pos":0,"count_std_1_neg":71,"count_std_2_neg":100,"count_std_3_neg":2},"April":{"count":229.0,"mean":53.680349345,"std":3.407253339,"min":47.0,"25%":51.0,"50%":54.0,"75%":55.0,"max":61.0,"SEM":0.2251576383,"ci_90":0.370384315,"ci_95":0.441308971,"std_1_pos":57.087602684,"std_1_neg":50.273096006,"std_2_pos":60.4948560229,"std_2_neg":46.865842667,"std_3_pos":63.9021093619,"std_3_neg":43.458589328,"count_std_1_pos":106,"count_std_2_pos":26,"count_std_3_pos":6,"count_std_1_neg":42,"count_std_2_neg":49,"count_std_3_neg":0},"May":{"count":215.0,"mean":53.8239069767,"std":2.9707339775,"min":48.0,"25%":52.0,"50%":54.0,"75%":55.955,"max":63.0,"SEM":0.2026023757,"ci_90":0.333280908,"ci_95":0.3971006563,"std_1_pos":56.7946409543,"std_1_neg":50.8531729992,"std_2_pos":59.7653749318,"std_2_neg":47.8824390217,"std_3_pos":62.7361089093,"std_3_neg":44.9117050442,"count_std_1_pos":114,"count_std_2_pos":13,"count_std_3_pos":8,"count_std_1_neg":46,"count_std_2_neg":32,"count_std_3_neg":0},"June":{"count":209.0,"mean":52.4554066986,"std":2.8094098327,"min":47.9,"25%":50.0,"50%":53.0,"75%":54.0,"max":61.0,"SEM":0.1943309416,"ci_90":0.319674399,"ci_95":0.3808886456,"std_1_pos":55.2648165312,"std_1_neg":49.6459968659,"std_2_pos":58.0742263639,"std_2_neg":46.8365870332,"std_3_pos":60.8836361965,"std_3_neg":44.0271772006,"count_std_1_pos":85,"count_std_2_pos":16,"count_std_3_pos":4,"count_std_1_neg":68,"count_std_2_neg":32,"count_std_3_neg":0},"July":{"count":192.0,"mean":51.4889583333,"std":2.9768082557,"min":43.0,"25%":49.0,"50%":52.0,"75%":53.0,"max":60.0,"SEM":0.214832631,"ci_90":0.3533996779,"ci_95":0.4210719567,"std_1_pos":54.465766589,"std_1_neg":48.5121500777,"std_2_pos":57.4425748446,"std_2_neg":45.535341822,"std_3_pos":60.4193831003,"std_3_neg":42.5585335664,"count_std_1_pos":99,"count_std_2_pos":5,"count_std_3_pos":12,"count_std_1_neg":48,"count_std_2_neg":26,"count_std_3_neg":2},"August":{"count":244.0,"mean":49.2133606557,"std":3.0903699116,"min":40.0,"25%":47.0,"50%":49.0,"75%":51.0,"max":56.0,"SEM":0.1978406607,"ci_90":0.3254478868,"ci_95":0.3877676949,"std_1_pos":52.3037305673,"std_1_neg":46.1229907442,"std_2_pos":55.3941004789,"std_2_neg":43.0326208326,"std_3_pos":58.4844703905,"std_3_neg":39.942250921,"count_std_1_pos":87,"count_std_2_pos":30,"count_std_3_pos":2,"count_std_1_neg":76,"count_std_2_neg":40,"count_std_3_neg":9},"September":{"count":259.0,"mean":46.2672586873,"std":2.5255305327,"min":39.0,"25%":45.0,"50%":46.0,"75%":47.515,"max":55.0,"SEM":0.1569288316,"ci_90":0.258147928,"ci_95":0.30758051,"std_1_pos":48.79278922,"std_1_neg":43.7417281546,"std_2_pos":51.3183197527,"std_2_neg":41.2161976219,"std_3_pos":53.8438502853,"std_3_neg":38.6906670892,"count_std_1_pos":90,"count_std_2_pos":30,"count_std_3_pos":5,"count_std_1_neg":98,"count_std_2_neg":26,"count_std_3_neg":8},"October":{"count":245.0,"mean":44.4323265306,"std":2.819753778,"min":37.0,"25%":43.0,"50%":45.0,"75%":46.0,"max":53.0,"SEM":0.1801474608,"ci_90":0.296342573,"ci_95":0.3530890231,"std_1_pos":47.2520803086,"std_1_neg":41.6125727526,"std_2_pos":50.0718340865,"std_2_neg":38.7928189747,"std_3_pos":52.8915878645,"std_3_neg":35.9730651967,"count_std_1_pos":117,"count_std_2_pos":20,"count_std_3_pos":2,"count_std_1_neg":71,"count_std_2_neg":27,"count_std_3_neg":6},"November":{"count":226.0,"mean":43.3149557522,"std":2.3916570263,"min":36.0,"25%":42.0,"50%":44.0,"75%":44.0,"max":49.0,"SEM":0.1590906589,"ci_90":0.2617041339,"ci_95":0.3118176914,"std_1_pos":45.7066127785,"std_1_neg":40.9232987259,"std_2_pos":48.0982698048,"std_2_neg":38.5316416996,"std_3_pos":50.4899268311,"std_3_neg":36.1399846734,"count_std_1_pos":104,"count_std_2_pos":25,"count_std_3_pos":4,"count_std_1_neg":75,"count_std_2_neg":6,"count_std_3_neg":8},"December":{"count":211.0,"mean":43.5487519716,"std":2.479371069,"min":37.0,"25%":42.0,"50%":44.0,"75%":45.0,"max":50.0,"SEM":0.1706869435,"ci_90":0.2807800221,"ci_95":0.3345464093,"std_1_pos":46.0281230406,"std_1_neg":41.0693809026,"std_2_pos":48.5074941095,"std_2_neg":38.5900098336,"std_3_pos":50.9868651785,"std_3_neg":36.1106387646,"count_std_1_pos":85,"count_std_2_pos":19,"count_std_3_pos":8,"count_std_1_neg":50,"count_std_2_neg":47,"count_std_3_neg":2}}